{"cameraMode":{"drawMode":0,"name":"Shaded","section":"Shading Mode"},"sceneLighting":false,"audioPlay":false,"sceneViewState":{"m_AlwaysRefresh":false,"showFog":true,"showSkybox":false,"showFlares":true,"showImageEffects":true,"showParticleSystems":true,"showVisualEffectGraphs":true,"m_FxEnabled":true},"in2DMode":false,"pivot":{"x":6.889999866485596,"y":0.25999999046325686,"z":-10.510000228881836},"rotation":{"x":0.3848330080509186,"y":-0.1354626566171646,"z":0.05723372846841812,"w":0.9112392663955689},"size":0.7335018515586853,"orthographic":false}