{"cameraMode":{"drawMode":0,"name":"Shaded","section":"Shading Mode"},"sceneLighting":false,"audioPlay":false,"sceneViewState":{"m_AlwaysRefresh":false,"showFog":true,"showSkybox":false,"showFlares":true,"showImageEffects":true,"showParticleSystems":true,"showVisualEffectGraphs":true,"m_FxEnabled":true},"in2DMode":false,"pivot":{"x":6.297208786010742,"y":0.12364053726196289,"z":-17.23349952697754},"rotation":{"x":0.052192721515893939,"y":-0.9470427632331848,"z":0.20366232097148896,"w":0.2429772913455963},"size":11.15609073638916,"orthographic":false}