{"cameraMode":{"drawMode":0,"name":"Shaded","section":"Shading Mode"},"sceneLighting":false,"audioPlay":false,"sceneViewState":{"m_AlwaysRefresh":false,"showFog":true,"showSkybox":false,"showFlares":true,"showImageEffects":true,"showParticleSystems":true,"showVisualEffectGraphs":true,"m_FxEnabled":true},"in2DMode":false,"pivot":{"x":5.9492034912109379,"y":5.803506851196289,"z":13.844627380371094},"rotation":{"x":0.029530605301260949,"y":-0.957264244556427,"z":0.10553916543722153,"w":0.2677522599697113},"size":1.4960291385650635,"orthographic":false}