{"cameraMode":{"drawMode":0,"name":"Shaded","section":"Shading Mode"},"sceneLighting":true,"audioPlay":false,"sceneViewState":{"m_AlwaysRefresh":false,"showFog":true,"showSkybox":true,"showFlares":true,"showImageEffects":true,"showParticleSystems":true,"showVisualEffectGraphs":true,"m_FxEnabled":true},"in2DMode":false,"pivot":{"x":5.840407848358154,"y":-1.3732562065124512,"z":0.9951183199882507},"rotation":{"x":-0.11816909164190293,"y":0.43652576208114626,"z":-0.05795937776565552,"w":-0.8900215029716492},"size":6.140198230743408,"orthographic":false}