{"cameraMode":{"drawMode":0,"name":"Shaded","section":"Shading Mode"},"sceneLighting":true,"audioPlay":false,"sceneViewState":{"m_AlwaysRefresh":false,"showFog":true,"showSkybox":true,"showFlares":true,"showImageEffects":true,"showParticleSystems":true,"showVisualEffectGraphs":true,"m_FxEnabled":true},"in2DMode":false,"pivot":{"x":8.395221710205079,"y":1.7380213737487794,"z":-17.89337730407715},"rotation":{"x":-0.22302579879760743,"y":0.5038948655128479,"z":-0.13663460314273835,"w":-0.8233040571212769},"size":0.002891990588977933,"orthographic":false}