{"cameraMode":{"drawMode":0,"name":"Shaded","section":"Shading Mode"},"sceneLighting":false,"audioPlay":false,"sceneViewState":{"m_AlwaysRefresh":false,"showFog":true,"showSkybox":false,"showFlares":true,"showImageEffects":true,"showParticleSystems":true,"showVisualEffectGraphs":true,"m_FxEnabled":true},"in2DMode":false,"pivot":{"x":1.0414005517959595,"y":2.0144169330596926,"z":1.081026315689087},"rotation":{"x":-0.013956481590867043,"y":0.9789968729019165,"z":-0.19031187891960145,"w":-0.07179486751556397},"size":3.396016836166382,"orthographic":false}