{"cameraMode":{"drawMode":0,"name":"Shaded","section":"Shading Mode"},"sceneLighting":false,"audioPlay":false,"sceneViewState":{"m_AlwaysRefresh":false,"showFog":true,"showSkybox":false,"showFlares":true,"showImageEffects":true,"showParticleSystems":true,"showVisualEffectGraphs":true,"m_FxEnabled":true},"in2DMode":false,"pivot":{"x":-1.3739732503890992,"y":-0.17657189071178437,"z":-0.278861939907074},"rotation":{"x":0.11188912391662598,"y":-0.6908066868782044,"z":0.10949833691120148,"w":0.7058908939361572},"size":1.6439194679260255,"orthographic":false}