{"cameraMode":{"drawMode":0,"name":"Shaded","section":"Shading Mode"},"sceneLighting":false,"audioPlay":false,"sceneViewState":{"m_AlwaysRefresh":false,"showFog":true,"showSkybox":false,"showFlares":true,"showImageEffects":true,"showParticleSystems":true,"showVisualEffectGraphs":true,"m_FxEnabled":true},"in2DMode":false,"pivot":{"x":0.08396026492118836,"y":-3.0069353580474855,"z":1.9951841831207276},"rotation":{"x":0.5276563167572022,"y":-0.11442073434591294,"z":0.07199584692716599,"w":0.8386409282684326},"size":2.3350892066955568,"orthographic":false}