{"cameraMode":{"drawMode":0,"name":"Shaded","section":"Shading Mode"},"sceneLighting":false,"audioPlay":false,"sceneViewState":{"m_AlwaysRefresh":false,"showFog":true,"showSkybox":false,"showFlares":true,"showImageEffects":true,"showParticleSystems":true,"showVisualEffectGraphs":true,"m_FxEnabled":true},"in2DMode":false,"pivot":{"x":-0.3765113949775696,"y":2.245731830596924,"z":0.25215286016464236},"rotation":{"x":0.12198419123888016,"y":0.8460559248924255,"z":-0.47026485204696658,"w":0.21946263313293458},"size":1.9266600608825684,"orthographic":false}